{
    "FollowCamera": {
        "moveRate": 0.20000000298023224,
        "offsetLength": -15.0,
        "rotateRate": 0.10000000149011612
    }
}
